ax,ay,az,gx,gy,gz
0.169921875,-0.0516357421875,1.108154296875,-4.473282442748092,-2.312977099236641,8.061068702290076
0.2342529296875,-0.0491943359375,1.1177978515625,-3.0839694656488548,-2.480916030534351,6.0534351145038165
0.235595703125,-0.046875,1.11962890625,-1.3053435114503817,0.7633587786259542,3.16793893129771
0.1904296875,-0.042236328125,1.094970703125,-0.16793893129770993,5.083969465648855,1.6564885496183206
0.1636962890625,-0.0380859375,1.0479736328125,-1.8015267175572518,3.267175572519084,2.8396946564885495
0.1722412109375,-0.0438232421875,1.055908203125,-6.137404580152672,-3.8931297709923665,3.0381679389312977
0.180908203125,-0.0556640625,1.1298828125,-7.938931297709924,-4.1679389312977095,2.3053435114503817
0.122314453125,-0.0343017578125,1.1856689453125,-3.2061068702290076,6.770992366412214,3.0610687022900764
0.114990234375,-0.0523681640625,1.17138671875,2.33587786259542,23.022900763358777,11.083969465648854
0.1304931640625,-0.066650390625,1.19775390625,7.251908396946565,48.79389312977099,22.267175572519083
0.141357421875,-0.1011962890625,1.33740234375,19.908396946564885,114.20610687022901,39.282442748091604
0.026611328125,-0.1591796875,1.5419921875,44.47328244274809,205.77862595419847,64.96946564885496
0.024169921875,-0.19970703125,1.8450927734375,89.53435114503817,250.12977099236642,98.57251908396947
0.2484130859375,-0.2581787109375,1.73974609375,151.83969465648855,250.12977099236642,136.6259541984733
0.120361328125,-0.259765625,1.421142578125,187.87786259541986,250.12977099236642,173.85496183206106
-0.4283447265625,-0.1632080078125,1.570068359375,209.25954198473283,250.12977099236642,217.7709923664122
-0.5853271484375,-0.0577392578125,1.6192626953125,250.12977099236642,250.12977099236642,250.12977099236642
0.005126953125,-0.0762939453125,0.971923828125,250.12977099236642,250.12977099236642,250.12977099236642
0.823486328125,0.140380859375,0.4261474609375,250.12977099236642,250.12977099236642,250.12977099236642
1.457763671875,0.5157470703125,-0.3463134765625,250.12977099236642,250.12977099236642,175.9618320610687
0.7403564453125,0.6329345703125,-1.393310546875,176.10687022900763,150.86259541984734,-31.748091603053435
-0.605712890625,0.6263427734375,-1.3834228515625,58.10687022900763,-137.04580152671755,-141.4351145038168
-1.5556640625,0.57861328125,-0.58837890625,-15.572519083969466,-193.67175572519085,-127.0
-1.8603515625,0.700439453125,-0.332763671875,-26.786259541984734,-221.12213740458014,-77.08396946564885
-1.262939453125,0.7083740234375,-0.763916015625,-57.05343511450382,-250.13740458015266,-62.87022900763359
-0.5047607421875,0.611572265625,-0.6259765625,-127.16030534351145,-250.13740458015266,-106.0381679389313
-0.0660400390625,0.4913330078125,-0.039794921875,-181.10687022900763,-250.13740458015266,-169.6793893129771
0.1148681640625,0.4317626953125,0.3421630859375,-207.50381679389312,-250.13740458015266,-236.00763358778627
0.10546875,0.2509765625,0.3084716796875,-235.793893129771,-250.13740458015266,-250.13740458015266
-0.060546875,0.0057373046875,0.6197509765625,-250.13740458015266,-250.13740458015266,-213.25954198473283
0.0924072265625,-0.1229248046875,1.0516357421875,-250.13740458015266,-250.13740458015266,-109.42748091603053
0.6463623046875,-0.3179931640625,1.170166015625,-197.2290076335878,-250.13740458015266,-17.129770992366414
1.0423583984375,-0.3480224609375,1.258056640625,-136.82442748091603,-250.13740458015266,21.30534351145038
1.17236328125,-0.297119140625,1.24853515625,-73.43511450381679,-197.32824427480915,41.908396946564885
1.16796875,-0.3331298828125,1.2000732421875,-28.068702290076335,-14.053435114503817,39.56488549618321
0.89501953125,-0.30029296875,1.2423095703125,2.267175572519084,18.709923664122137,19.358778625954198
0.6395263671875,-0.2435302734375,1.106201171875,28.9618320610687,28.206106870229007,18.65648854961832
0.687744140625,-0.2298583984375,1.087890625,43.0763358778626,75.62595419847328,34.87786259541985
0.901123046875,-0.229736328125,1.3614501953125,70.12213740458016,142.6412213740458,42.99236641221374
0.9300537109375,-0.31982421875,1.392333984375,109.6412213740458,250.12977099236642,50.083969465648856
0.61572265625,-0.5123291015625,1.7027587890625,154.24427480916032,250.12977099236642,97.77862595419847
0.469482421875,-0.6190185546875,1.99993896484375,241.42748091603053,250.12977099236642,193.51908396946564
1.0030517578125,-0.592041015625,1.99993896484375,250.12977099236642,250.12977099236642,250.12977099236642
1.11962890625,-0.3516845703125,0.7835693359375,250.12977099236642,250.12977099236642,250.12977099236642
0.6322021484375,-0.041015625,0.03125,250.12977099236642,250.12977099236642,250.12977099236642
0.253173828125,0.2822265625,0.1221923828125,250.12977099236642,250.12977099236642,247.87022900763358
0.7930908203125,0.4578857421875,0.1632080078125,237.16030534351145,250.12977099236642,199.25954198473283
1.1318359375,0.549560546875,-0.3096923828125,216.64885496183206,250.12977099236642,73.93129770992367
-0.0877685546875,0.5440673828125,-1.033203125,161.95419847328245,201.5114503816794,-72.57251908396947
-1.126708984375,0.630126953125,-1.224853515625,77.51908396946565,-45.70992366412214,-120.92366412213741
-1.4078369140625,0.6180419921875,-0.9349365234375,0.2900763358778626,-133.0916030534351,-99.64885496183206
-1.496826171875,0.6488037109375,-0.5814208984375,-47.038167938931295,-186.6946564885496,-61.20610687022901
-0.885986328125,0.6563720703125,-0.358154296875,-77.8854961832061,-250.13740458015266,-71.5114503816794
-0.2476806640625,0.517822265625,-0.5086669921875,-121.2442748091603,-250.13740458015266,-156.66412213740458
-0.3450927734375,0.3704833984375,0.01708984375,-190.23664122137404,-250.13740458015266,-229.0229007633588
-0.2158203125,0.29931640625,0.6900634765625,-213.58778625954199,-250.13740458015266,-250.13740458015266
0.0284423828125,0.1842041015625,0.752197265625,-209.81679389312978,-250.13740458015266,-250.13740458015266
-0.0797119140625,0.1370849609375,0.8134765625,-215.73282442748092,-250.13740458015266,-244.14503816793894
-0.0111083984375,0.0740966796875,1.0809326171875,-205.36641221374046,-250.13740458015266,-164.61068702290078
0.111083984375,-0.025634765625,1.0262451171875,-164.48091603053436,-250.13740458015266,-81.06870229007633
0.2938232421875,-0.149658203125,0.877197265625,-129.38931297709922,-250.13740458015266,7.137404580152672
0.396484375,-0.3199462890625,1.0565185546875,-94.35114503816794,-250.13740458015266,89.58778625954199
0.7784423828125,-0.4158935546875,1.3299560546875,-42.656488549618324,-98.58778625954199,141.85496183206106
1.483642578125,-0.45361328125,1.21484375,6.4961832061068705,33.47328244274809,138.45038167938932
1.7469482421875,-0.4652099609375,1.1470947265625,29.541984732824428,82.47328244274809,84.0381679389313
1.360107421875,-0.428955078125,1.016845703125,47.229007633587784,96.79389312977099,32.61832061068702
0.8060302734375,-0.4130859375,0.9656982421875,53.16030534351145,164.5801526717557,35.63358778625954
0.8023681640625,-0.5361328125,1.320068359375,69.1145038167939,250.12977099236642,74.85496183206106
0.98388671875,-0.6644287109375,1.9739990234375,113.29770992366412,250.12977099236642,116.20610687022901
1.2081298828125,-0.872802734375,1.99993896484375,207.6259541984733,250.12977099236642,152.64885496183206
1.287353515625,-0.8521728515625,1.99993896484375,250.12977099236642,250.12977099236642,194.00763358778627
1.161376953125,-0.5548095703125,1.3265380859375,250.12977099236642,250.12977099236642,244.1145038167939
0.9024658203125,-0.2718505859375,0.255859375,250.12977099236642,250.12977099236642,250.12977099236642
1.142822265625,0.02978515625,-0.415771484375,250.12977099236642,250.12977099236642,247.4732824427481
1.0975341796875,0.3868408203125,-0.752197265625,250.12977099236642,250.12977099236642,168.06870229007635
0.2822265625,0.560791015625,-1.0714111328125,197.75572519083968,250.12977099236642,62.02290076335878
-0.7144775390625,0.58349609375,-1.3153076171875,119.13740458015268,183.96946564885496,-24.702290076335878
-1.01953125,0.5902099609375,-1.1771240234375,40.595419847328245,-60.274809160305345,-53.23664122137404
-1.04443359375,0.5650634765625,-0.86083984375,-8.83206106870229,-124.04580152671755,-44.51145038167939
-1.22265625,0.5838623046875,-0.784912109375,-39.63358778625954,-136.08396946564886,-19.564885496183205
-1.1085205078125,0.5313720703125,-0.6795654296875,-79.34351145038168,-224.87786259541986,-4.763358778625954
-0.7071533203125,0.474853515625,-0.4761962890625,-113.26717557251908,-250.13740458015266,-30.519083969465647
-0.6934814453125,0.45361328125,-0.2659912109375,-143.9083969465649,-250.13740458015266,-79.93129770992367
-0.6177978515625,0.4578857421875,-0.0447998046875,-171.12213740458014,-250.13740458015266,-114.38167938931298
0.0440673828125,0.343994140625,0.1829833984375,-190.87022900763358,-250.13740458015266,-160.0763358778626
0.3515625,0.2578125,0.4110107421875,-210.0763358778626,-250.13740458015266,-210.87022900763358
0.0625,0.1806640625,0.5758056640625,-228.94656488549617,-250.13740458015266,-215.26717557251908
-0.2874755859375,0.0927734375,0.6690673828125,-240.13740458015266,-250.13740458015266,-156.65648854961833
-0.3861083984375,-0.0390625,0.46435546875,-224.54961832061068,-250.13740458015266,-58.12977099236641
-0.109619140625,-0.244140625,0.2301025390625,-222.70229007633588,-250.13740458015266,63.36641221374046
0.2003173828125,-0.53076171875,0.533203125,-221.44274809160305,-250.13740458015266,162.90076335877862
0.703125,-0.7318115234375,1.080810546875,-188.29007633587787,-158.76335877862596,226.90076335877862
0.9761962890625,-0.8446044921875,1.6396484375,-130.72519083969465,21.580152671755727,241.8854961832061
1.0992431640625,-0.91796875,1.8260498046875,-52.29770992366412,119.23664122137404,222.7709923664122
1.15380859375,-0.9276123046875,1.8575439453125,9.80916030534351,173.3053435114504,188.83969465648855
0.839111328125,-0.8858642578125,1.7939453125,71.3969465648855,182.4732824427481,154.13740458015266
0.64990234375,-0.83349609375,1.4898681640625,111.19083969465649,222.2290076335878,142.98473282442748
0.430419921875,-0.7431640625,1.6229248046875,125.16030534351145,250.12977099236642,122.00763358778626
0.23681640625,-0.6612548828125,1.6123046875,159.34351145038167,216.8091603053435,102.48091603053435
0.3577880859375,-0.60546875,1.368896484375,178.45038167938932,250.12977099236642,108.17557251908397
0.5126953125,-0.514892578125,1.465576171875,199.50381679389312,250.12977099236642,92.83206106870229
0.291259765625,-0.41845703125,1.405517578125,216.10687022900763,250.12977099236642,89.62595419847328
0.31787109375,-0.584716796875,1.99993896484375,247.84732824427482,250.12977099236642,114.6030534351145
0.4144287109375,-1.1947021484375,1.99993896484375,250.12977099236642,250.12977099236642,164.4351145038168
0.6982421875,-1.7802734375,1.99993896484375,250.12977099236642,250.12977099236642,249.73282442748092
1.147705078125,-1.0601806640625,-1.461181640625,250.12977099236642,250.12977099236642,250.12977099236642
0.6900634765625,0.4490966796875,-2.0,250.12977099236642,250.12977099236642,250.12977099236642
0.850341796875,0.986572265625,-2.0,44.51908396946565,250.12977099236642,165.26717557251908
1.2222900390625,0.7293701171875,-0.828857421875,-82.1526717557252,-38.17557251908397,-40.725190839694655
-0.1236572265625,0.3756103515625,0.6392822265625,-90.6412213740458,-148.32824427480915,-149.0381679389313
-1.584716796875,0.4361572265625,1.1719970703125,6.366412213740458,-43.534351145038165,-102.86259541984732
-1.437255859375,0.5625,-0.345458984375,73.40458015267176,-10.625954198473282,-27.00763358778626
-1.144775390625,0.5672607421875,-0.9395751953125,13.534351145038167,-57.06106870229008,-2.1374045801526718
-0.730712890625,0.588134765625,-0.3089599609375,-37.961832061068705,-242.09923664122138,-21.03053435114504
-0.2100830078125,0.49853515625,-0.1961669921875,-58.778625954198475,-250.13740458015266,-100.99236641221374
-0.5755615234375,0.523681640625,-0.148681640625,-98.12213740458016,-250.13740458015266,-188.26717557251908
-0.7681884765625,0.4884033203125,0.015625,-150.50381679389312,-250.13740458015266,-232.12977099236642
-0.0570068359375,0.2547607421875,0.2337646484375,-200.80152671755727,-250.13740458015266,-250.13740458015266
0.13232421875,0.072021484375,0.430908203125,-247.9770992366412,-250.13740458015266,-250.13740458015266
-0.1593017578125,-0.007080078125,0.7320556640625,-250.13740458015266,-250.13740458015266,-210.99236641221373
0.08935546875,-0.116943359375,0.8526611328125,-245.1145038167939,-250.13740458015266,-70.12977099236642
0.7772216796875,-0.4107666015625,0.805419921875,-193.98473282442748,-250.13740458015266,45.97709923664122
1.412353515625,-0.54638671875,1.456787109375,-132.23664122137404,-250.13740458015266,85.73282442748092
1.5126953125,-0.4461669921875,1.742919921875,-40.14503816793893,-48.42748091603053,59.6412213740458
0.9400634765625,-0.2491455078125,0.868408203125,18.045801526717558,3.1374045801526718,33.725190839694655
0.7623291015625,-0.1978759765625,0.649658203125,-3.236641221374046,-6.122137404580153,41.19083969465649
0.7957763671875,-0.2227783203125,0.85888671875,-16.244274809160306,31.65648854961832,45.656488549618324
0.505859375,-0.3017578125,1.06005859375,-10.664122137404581,83.06106870229007,63.61068702290076
0.4404296875,-0.3233642578125,1.5023193359375,17.328244274809162,148.31297709923663,86.41221374045801
0.4173583984375,-0.32958984375,1.6044921875,68.7175572519084,229.93129770992365,115.58778625954199
0.5321044921875,-0.4698486328125,1.54345703125,114.83969465648855,250.12977099236642,169.14503816793894
0.9019775390625,-0.447265625,1.552734375,150.31297709923663,250.12977099236642,222.4732824427481
0.303955078125,-0.2864990234375,1.7554931640625,188.1908396946565,250.12977099236642,250.12977099236642
-0.194580078125,-0.3406982421875,1.8345947265625,221.0381679389313,250.12977099236642,250.12977099236642
-0.067626953125,-0.368896484375,0.9769287109375,228.04580152671755,250.12977099236642,250.12977099236642
-0.1455078125,-0.2647705078125,1.1732177734375,191.5648854961832,250.12977099236642,250.12977099236642
0.0433349609375,-0.0330810546875,1.0679931640625,203.9236641221374,250.12977099236642,244.50381679389312
0.215576171875,0.22119140625,0.5181884765625,198.15267175572518,250.12977099236642,185.32824427480915
0.0875244140625,0.4617919921875,-0.0477294921875,169.61832061068702,250.12977099236642,104.50381679389314
-0.248291015625,0.5284423828125,-0.200439453125,114.34351145038168,210.70992366412213,38.76335877862596
-0.8177490234375,0.52978515625,0.0863037109375,82.41221374045801,163.6030534351145,11.893129770992367
-1.2181396484375,0.607666015625,-0.245361328125,70.21374045801527,85.61832061068702,12.709923664122137
-0.975830078125,0.6361083984375,-0.5885009765625,21.0,-3.8396946564885495,11.32824427480916
-0.5977783203125,0.592041015625,-0.40087890625,-40.61068702290076,-166.26717557251908,-33.94656488549618
-0.4300537109375,0.4932861328125,0.0279541015625,-86.41221374045801,-250.13740458015266,-93.85496183206106
-0.5704345703125,0.454345703125,0.5067138671875,-111.13740458015268,-250.13740458015266,-145.1679389312977
-0.3160400390625,0.3831787109375,0.5399169921875,-122.59541984732824,-250.13740458015266,-183.70992366412213
0.14990234375,0.15087890625,0.476318359375,-153.29007633587787,-250.13740458015266,-239.793893129771
0.0927734375,0.005126953125,0.7822265625,-200.98473282442748,-250.13740458015266,-250.13740458015266
-0.0340576171875,-0.21826171875,1.582275390625,-225.80152671755727,-250.13740458015266,-250.13740458015266
-0.0662841796875,-0.184326171875,1.9420166015625,-181.15267175572518,-250.13740458015266,-225.4198473282443
0.1397705078125,-0.240478515625,1.45458984375,-127.16030534351145,-250.13740458015266,-171.27480916030535
0.24365234375,-0.2291259765625,1.39892578125,-95.95419847328245,-250.13740458015266,-98.50381679389314
0.135498046875,-0.187255859375,1.66943359375,-42.89312977099237,-172.23664122137404,-28.793893129770993
0.2794189453125,-0.1448974609375,1.4857177734375,21.00763358778626,-35.7557251908397,19.72519083969466
0.5050048828125,-0.072509765625,1.01953125,51.62595419847328,22.229007633587788,35.76335877862596
0.6737060546875,-0.0030517578125,0.6324462890625,43.80916030534351,19.778625954198475,25.61832061068702
0.66162109375,0.019775390625,0.5179443359375,10.129770992366412,7.67175572519084,5.3893129770992365
0.4224853515625,-0.0068359375,0.789306640625,-22.0,2.5114503816793894,-7.557251908396947
0.336181640625,-0.0443115234375,1.056396484375,-25.893129770992367,-20.106870229007633,-4.908396946564886
0.3675537109375,-0.0743408203125,1.1031494140625,-17.213740458015266,-7.5038167938931295,1.9618320610687023
0.4415283203125,-0.0899658203125,1.0673828125,-9.992366412213741,12.282442748091603,7.534351145038168
0.4439697265625,-0.08056640625,1.0133056640625,-9.312977099236642,31.458015267175572,9.534351145038167
0.368408203125,-0.100341796875,1.093017578125,-12.381679389312977,43.74045801526717,9.755725190839694
0.3526611328125,-0.08251953125,1.1475830078125,-6.465648854961832,29.198473282442748,9.725190839694656
0.44921875,-0.0745849609375,1.0797119140625,-2.5267175572519083,22.0,9.076335877862595
0.49609375,-0.07861328125,1.105712890625,-1.16793893129771,25.83969465648855,5.770992366412214
0.41748046875,-0.078125,1.08154296875,2.4198473282442747,34.54961832061068,3.6030534351145036
0.373046875,-0.087646484375,1.0872802734375,2.0763358778625953,49.595419847328245,6.320610687022901
0.3037109375,-0.1031494140625,1.2066650390625,5.511450381679389,56.404580152671755,5.603053435114504
0.3392333984375,-0.0699462890625,1.1646728515625,15.870229007633588,43.656488549618324,4.557251908396947
0.341796875,-0.056640625,1.01904296875,16.290076335877863,38.19847328244275,1.1603053435114503
0.28076171875,-0.0345458984375,1.0067138671875,8.366412213740459,22.82442748091603,1.618320610687023
0.299072265625,-0.0379638671875,1.0765380859375,4.259541984732825,24.442748091603054,3.7251908396946565
0.3380126953125,-0.030029296875,1.0517578125,5.603053435114504,19.137404580152673,0.549618320610687
0.2891845703125,-0.0164794921875,0.9669189453125,1.5725190839694656,20.610687022900763,-3.4198473282442747
0.2252197265625,-0.0257568359375,0.990234375,-8.526717557251908,19.763358778625953,-5.061068702290076
0.1922607421875,-0.029541015625,1.080322265625,-13.129770992366412,6.091603053435114,-5.251908396946565
0.23095703125,-0.0523681640625,1.078857421875,-14.16793893129771,-9.664122137404581,-5.885496183206107
0.2847900390625,-0.0618896484375,1.110595703125,-15.13740458015267,-15.435114503816793,-8.19083969465649
0.2725830078125,-0.0516357421875,1.1422119140625,-11.419847328244275,-8.473282442748092,-9.068702290076336
0.232177734375,-0.0484619140625,1.0986328125,-7.076335877862595,-3.2595419847328246,-7.541984732824427
0.199462890625,-0.0460205078125,1.0806884765625,-6.1679389312977095,-2.7557251908396947,-1.0229007633587786
0.2613525390625,-0.067138671875,1.0751953125,-6.893129770992366,0.6717557251908397,3.5877862595419847
0.3284912109375,-0.06787109375,1.113525390625,-6.297709923664122,3.5343511450381677,1.2442748091603053
0.2939453125,-0.047607421875,1.1126708984375,-3.7938931297709924,4.6106870229007635,-3.4122137404580153
0.246826171875,-0.0555419921875,1.0916748046875,-2.7022900763358777,5.694656488549619,-4.564885496183206
0.2227783203125,-0.049072265625,1.0579833984375,-4.809160305343512,-1.7404580152671756,-3.6259541984732824
0.2635498046875,-0.04345703125,1.0823974609375,-8.297709923664122,-4.9541984732824424,-2.49618320610687
0.263671875,-0.049560546875,1.1131591796875,-7.641221374045801,-4.816793893129771,-2.946564885496183
0.2786865234375,-0.0567626953125,1.11572265625,-7.526717557251908,-3.7099236641221376,-3.66412213740458
0.265380859375,-0.054443359375,1.119140625,-6.854961832061068,-3.4580152671755724,-4.816793893129771
0.232177734375,-0.0615234375,1.12158203125,-5.824427480916031,-1.015267175572519,-3.7251908396946565
0.2406005859375,-0.05859375,1.12841796875,-3.801526717557252,-1.549618320610687,-2.4427480916030535
0.2724609375,-0.0567626953125,1.114501953125,-1.3893129770992367,-0.3053435114503817,-2.381679389312977
0.2603759765625,-0.060546875,1.10107421875,-0.9007633587786259,3.572519083969466,-3.366412213740458
